node ID,x-coordinate [mm],y-coordinate [mm]
1.0000000000000000,-20.0000000000000000,25.0000000000000000
2.0000000000000000,-18.9104801999999985,24.2274570999999987
3.0000000000000000,-20.0000000000000000,23.1250000000000000
4.0000000000000000,-17.7729192000000005,23.5092452999999999
5.0000000000000000,-20.0000000000000000,21.2500000000000000
6.0000000000000000,-17.7611922000000000,21.7279479000000002
7.0000000000000000,-16.6052347000000005,22.8568627999999983
8.0000000000000000,-18.8854052000000010,20.6070954999999998
9.0000000000000000,-15.3990574000000002,22.2654534999999996
10.0000000000000000,-17.7302755000000012,20.0260576000000015
11.0000000000000000,-20.0000000000000000,19.3750000000000000
12.0000000000000000,-15.3819104000000006,20.6125430999999999
13.0000000000000000,-16.5497292999999992,19.5134442999999997
14.0000000000000000,-14.1664484000000002,21.7411044000000011
15.0000000000000000,-17.6865658000000003,18.3771056000000002
16.0000000000000000,-20.0000000000000000,17.5000000000000000
17.0000000000000000,-15.3367047000000003,19.0622572999999988
18.0000000000000000,-18.8302401000000010,17.1137285000000006
19.0000000000000000,-12.9056940999999998,21.2829174999999999
20.0000000000000000,-17.6364595999999985,16.7546226999999988
21.0000000000000000,-14.1013783000000004,18.6743205000000003
22.0000000000000000,-15.2727932000000006,17.5803879000000016
23.0000000000000000,-12.8882618999999998,19.7706911000000005
24.0000000000000000,-16.4276173999999990,16.4284314000000009
25.0000000000000000,-11.6221785000000004,20.8930144999999996
26.0000000000000000,-20.0000000000000000,15.6250000000000000
27.0000000000000000,-12.8423043999999997,18.3457748000000009
28.0000000000000000,-15.1995287000000001,16.1327266999999992
29.0000000000000000,-17.5863532999999990,15.1321396999999997
30.0000000000000000,-10.3214818000000008,20.5729283000000009
31.0000000000000000,-12.7773298999999998,16.9790650999999997
32.0000000000000000,-11.5640256000000008,18.0751011999999989
33.0000000000000000,-13.9582242000000001,15.8705522000000006
34.0000000000000000,-20.0000000000000000,13.7500000000000000
35.0000000000000000,-10.3076681000000008,19.1905359000000004
36.0000000000000000,-15.1262643000000008,14.6850655999999997
37.0000000000000000,-18.7750750000000011,13.6203616000000007
38.0000000000000000,-17.5426436000000017,13.4831877000000002
39.0000000000000000,-12.7028470000000002,15.6414588000000006
40.0000000000000000,-9.0016944199999998,20.3223492999999991
41.0000000000000000,-10.2712503000000002,17.8602375000000002
42.0000000000000000,-16.3055054000000013,13.3434185000000003
43.0000000000000000,-15.0623526999999999,13.2031962000000007
44.0000000000000000,-11.4360893000000008,15.4465071999999992
45.0000000000000000,-10.2197630000000004,16.5646684999999998
46.0000000000000000,-12.6283641000000006,14.3038524000000002
47.0000000000000000,-20.0000000000000000,11.8750000000000000
48.0000000000000000,-8.9623671700000003,17.6976885999999993
49.0000000000000000,-7.6761173200000004,20.1436448000000006
50.0000000000000000,-13.8150700999999998,13.0667839000000008
51.0000000000000000,-17.5117270000000005,11.7812975000000009
52.0000000000000000,-7.6685497800000002,18.8565955999999986
53.0000000000000000,-10.1607409000000004,15.2864641999999993
54.0000000000000000,-12.5633897000000001,12.9371427000000008
55.0000000000000000,-15.0171469999999996,11.6529103999999997
56.0000000000000000,-7.6485989900000000,17.5859123000000004
57.0000000000000000,-6.3351414300000002,20.0356774999999985
58.0000000000000000,-10.1017188999999998,14.0082597999999994
59.0000000000000000,-8.8758472099999999,15.1611747000000001
60.0000000000000000,-11.3081528999999996,12.8179133000000007
61.0000000000000000,-20.0000000000000000,10.0000000000000000
62.0000000000000000,-18.7500000000000000,10.0000000000000000
63.0000000000000000,-7.6203927000000000,16.3261396999999988
64.0000000000000000,-17.5000000000000000,10.0000000000000000
65.0000000000000000,-12.5174322000000000,11.5122263999999994
66.0000000000000000,-16.2500000000000000,10.0000000000000000
67.0000000000000000,-6.3218380900000000,17.5207546000000001
68.0000000000000000,-10.0502315000000007,12.7126908000000007
69.0000000000000000,-5.0000000000000000,20.0000000000000000
70.0000000000000000,-15.0000000000000000,10.0000000000000000
71.0000000000000000,-7.5880586599999997,15.0718224000000003
72.0000000000000000,-13.7500000000000000,10.0000000000000000
73.0000000000000000,-5.0000000000000000,18.7500000000000000
74.0000000000000000,-8.7893272499999995,12.6246607999999991
75.0000000000000000,-7.5557246200000003,13.8175051000000000
76.0000000000000000,-12.5000000000000000,10.0000000000000000
77.0000000000000000,-5.0000000000000000,17.5000000000000000
78.0000000000000000,-20.0000000000000000,8.1250000000000000
79.0000000000000000,-10.0138137000000000,11.3823924000000005
80.0000000000000000,-6.2925707199999996,15.0178387999999998
81.0000000000000000,-17.5117270000000005,8.2187770199999992
82.0000000000000000,-3.7500000000000000,20.0000000000000000
83.0000000000000000,-11.2500000000000000,10.0000000000000000
84.0000000000000000,-5.0000000000000000,16.2500000000000000
85.0000000000000000,-15.0171469999999996,8.3472665100000007
86.0000000000000000,-7.5275183300000004,12.5577324000000008
87.0000000000000000,-3.7500000000000000,17.5000000000000000
88.0000000000000000,-10.0000000000000000,10.0000000000000000
89.0000000000000000,-5.0000000000000000,15.0000000000000000
90.0000000000000000,-12.5174322000000000,8.4879783199999999
91.0000000000000000,-2.5000000000000000,20.0000000000000000
92.0000000000000000,-7.5075675400000002,11.2870492000000002
93.0000000000000000,-6.2633033500000002,12.5149229000000002
94.0000000000000000,-2.5000000000000000,18.7500000000000000
95.0000000000000000,-17.5426436000000017,6.5168974600000000
96.0000000000000000,-18.7750750000000011,6.3796648999999999
97.0000000000000000,-16.3055054000000013,6.6567311100000000
98.0000000000000000,-8.7500000000000000,10.0000000000000000
99.0000000000000000,-5.0000000000000000,13.7500000000000000
100.0000000000000000,-20.0000000000000000,6.2500000000000000
101.0000000000000000,-15.0623526999999999,6.7970059999999997
102.0000000000000000,-2.5000000000000000,17.5000000000000000
103.0000000000000000,-3.7500000000000000,15.0000000000000000
104.0000000000000000,-13.8150700999999998,6.9334477300000001
105.0000000000000000,-10.0138137000000000,8.6177530099999995
106.0000000000000000,-1.2500000000000000,20.0000000000000000
107.0000000000000000,-12.5633897000000001,7.0630911999999997
108.0000000000000000,-7.5000000000000000,10.0000000000000000
109.0000000000000000,-5.0000000000000000,12.5000000000000000
110.0000000000000000,-2.5000000000000000,16.2500000000000000
111.0000000000000000,-11.3081528999999996,7.1822968999999999
112.0000000000000000,-2.5000000000000000,15.0000000000000000
113.0000000000000000,-1.2500000000000000,17.5000000000000000
114.0000000000000000,-17.5863532999999990,4.8679134900000003
115.0000000000000000,-15.1262643000000008,5.3150607900000004
116.0000000000000000,-10.0502315000000007,7.2874753999999999
117.0000000000000000,-5.0000000000000000,11.2500000000000000
118.0000000000000000,-6.2500000000000000,10.0000000000000000
119.0000000000000000,-3.7500000000000000,12.5000000000000000
120.0000000000000000,-7.5075675400000002,8.7130009000000008
121.0000000000000000,0.0000000000000000,20.0000000000000000
122.0000000000000000,-20.0000000000000000,4.3750000000000000
123.0000000000000000,-12.6283641000000006,5.6962937900000004
124.0000000000000000,-2.5000000000000000,13.7500000000000000
125.0000000000000000,-8.7893272499999995,7.3754505699999999
126.0000000000000000,0.0000000000000000,18.7500000000000000
127.0000000000000000,-5.0000000000000000,10.0000000000000000
128.0000000000000000,-1.2500000000000000,15.0000000000000000
129.0000000000000000,0.0000000000000000,17.5000000000000000
130.0000000000000000,-10.1017188999999998,5.9918440600000000
131.0000000000000000,-2.5000000000000000,12.5000000000000000
132.0000000000000000,-7.5275183300000004,7.4423247999999997
133.0000000000000000,-15.1995287000000001,3.8672732500000002
134.0000000000000000,1.0937500000000000,20.0000000000000000
135.0000000000000000,-16.4276173999999990,3.5715686199999999
136.0000000000000000,-13.9582242000000001,4.1294478000000003
137.0000000000000000,0.0000000000000000,16.2500000000000000
138.0000000000000000,-17.6364595999999985,3.2453773300000002
139.0000000000000000,-12.7028470000000002,4.3585412400000001
140.0000000000000000,-5.0000000000000000,8.7500000000000000
141.0000000000000000,-3.7500000000000000,10.0000000000000000
142.0000000000000000,-18.8302401000000010,2.8862714700000001
143.0000000000000000,-11.4360893000000008,4.5534927700000001
144.0000000000000000,-2.5000000000000000,11.2500000000000000
145.0000000000000000,-6.2633033500000002,7.4850931699999999
146.0000000000000000,0.0000000000000000,15.0000000000000000
147.0000000000000000,1.0937500000000000,17.5000000000000000
148.0000000000000000,-20.0000000000000000,2.5000000000000000
149.0000000000000000,-1.2500000000000000,12.5000000000000000
150.0000000000000000,-10.1607409000000004,4.7135358399999996
151.0000000000000000,-7.5557246200000003,6.1825307100000000
152.0000000000000000,2.1875000000000000,20.0000000000000000
153.0000000000000000,0.0000000000000000,13.7500000000000000
154.0000000000000000,-8.8758472099999999,4.8388253299999997
155.0000000000000000,-5.0000000000000000,7.5000000000000000
156.0000000000000000,-2.5000000000000000,10.0000000000000000
157.0000000000000000,2.1875000000000000,18.7500000000000000
158.0000000000000000,-15.2727932000000006,2.4194857100000000
159.0000000000000000,-12.7773298999999998,3.0207886799999999
160.0000000000000000,1.0937500000000000,15.0000000000000000
161.0000000000000000,2.1875000000000000,17.5000000000000000
162.0000000000000000,-17.6865658000000003,1.6228411700000001
163.0000000000000000,0.0000000000000000,12.5000000000000000
164.0000000000000000,-7.5880586599999997,4.9281776199999996
165.0000000000000000,-10.2197630000000004,3.4352276300000000
166.0000000000000000,3.2812500000000000,20.0000000000000000
167.0000000000000000,2.1875000000000000,16.2500000000000000
168.0000000000000000,-2.5000000000000000,8.7500000000000000
169.0000000000000000,-3.7500000000000000,7.5000000000000000
170.0000000000000000,-5.0000000000000000,6.2500000000000000
171.0000000000000000,-1.2500000000000000,10.0000000000000000
172.0000000000000000,-6.2925707199999996,4.9821612399999999
173.0000000000000000,0.0000000000000000,11.2500000000000000
174.0000000000000000,2.1875000000000000,15.0000000000000000
175.0000000000000000,-20.0000000000000000,0.6250000000000000
176.0000000000000000,-14.1013783000000004,1.3254478599999999
177.0000000000000000,-12.8423043999999997,1.6539912699999999
178.0000000000000000,3.2812500000000000,17.5000000000000000
179.0000000000000000,-15.3367047000000003,0.9375405060000001
180.0000000000000000,1.0937500000000000,12.5000000000000000
181.0000000000000000,-11.5640256000000008,1.9246886400000001
182.0000000000000000,-7.6203927000000000,3.6738245300000001
183.0000000000000000,-2.5000000000000000,7.5000000000000000
184.0000000000000000,-16.5497292999999992,0.4864061370000000
185.0000000000000000,-10.2712503000000002,2.1395962800000001
186.0000000000000000,2.1875000000000000,13.7500000000000000
187.0000000000000000,4.3750000000000000,20.0000000000000000
188.0000000000000000,0.0000000000000000,10.0000000000000000
189.0000000000000000,-5.0000000000000000,5.0000000000000000
190.0000000000000000,-17.7302755000000012,-0.0261427933000000
191.0000000000000000,4.3750000000000000,18.7500000000000000
192.0000000000000000,-8.9623671700000003,2.3022000899999999
193.0000000000000000,3.2812500000000000,15.0000000000000000
194.0000000000000000,2.1875000000000000,12.5000000000000000
195.0000000000000000,4.3750000000000000,17.5000000000000000
196.0000000000000000,-18.8854052000000010,-0.6071219700000000
197.0000000000000000,-2.5000000000000000,6.2500000000000000
198.0000000000000000,-1.2500000000000000,7.5000000000000000
199.0000000000000000,-7.6485989900000000,2.4140304399999999
200.0000000000000000,0.0000000000000000,8.7500000000000000
201.0000000000000000,-3.7500000000000000,5.0000000000000000
202.0000000000000000,-12.8882618999999998,0.2291041570000000
203.0000000000000000,1.0937500000000000,10.0000000000000000
204.0000000000000000,4.3750000000000000,16.2500000000000000
205.0000000000000000,5.4687500000000000,20.0000000000000000
206.0000000000000000,-5.0000000000000000,3.7500000000000000
207.0000000000000000,-15.3819104000000006,-0.6127200100000000
208.0000000000000000,-10.3076681000000008,0.8093186810000000
209.0000000000000000,2.1875000000000000,11.2500000000000000
210.0000000000000000,-20.0000000000000000,-1.2500000000000000
211.0000000000000000,4.3750000000000000,15.0000000000000000
212.0000000000000000,-6.3218380900000000,2.4792293200000000
213.0000000000000000,3.2812500000000000,12.5000000000000000
214.0000000000000000,5.4687500000000000,17.5000000000000000
215.0000000000000000,0.0000000000000000,7.5000000000000000
216.0000000000000000,-2.5000000000000000,5.0000000000000000
217.0000000000000000,2.1875000000000000,10.0000000000000000
218.0000000000000000,-17.7611922000000000,-1.7280223600000000
219.0000000000000000,4.3750000000000000,13.7500000000000000
220.0000000000000000,-7.6685497800000002,1.1433543500000001
221.0000000000000000,6.5625000000000000,20.0000000000000000
222.0000000000000000,-5.0000000000000000,2.5000000000000000
223.0000000000000000,-11.6221785000000004,-0.8930144610000000
224.0000000000000000,-12.9056940999999998,-1.2829175300000000
225.0000000000000000,6.5625000000000000,18.7500000000000000
226.0000000000000000,-10.3214818000000008,-0.5729283120000001
227.0000000000000000,5.4687500000000000,15.0000000000000000
228.0000000000000000,-14.1664484000000002,-1.7411044099999999
229.0000000000000000,4.3750000000000000,12.5000000000000000
230.0000000000000000,1.0937500000000000,7.5000000000000000
231.0000000000000000,0.0000000000000000,6.2500000000000000
232.0000000000000000,-1.2500000000000000,5.0000000000000000
233.0000000000000000,2.1875000000000000,8.7500000000000000
234.0000000000000000,-2.5000000000000000,3.7500000000000000
235.0000000000000000,6.5625000000000000,17.5000000000000000
236.0000000000000000,-9.0016944199999998,-0.3223493470000000
237.0000000000000000,-15.3990574000000002,-2.2654535000000000
238.0000000000000000,3.2812500000000000,10.0000000000000000
239.0000000000000000,-3.7500000000000000,2.5000000000000000
240.0000000000000000,6.5625000000000000,16.2500000000000000
241.0000000000000000,4.3750000000000000,11.2500000000000000
242.0000000000000000,-7.6761173200000004,-0.1436447540000000
243.0000000000000000,-16.6052347000000005,-2.8568627599999998
244.0000000000000000,-5.0000000000000000,1.2500000000000000
245.0000000000000000,7.6562500000000000,20.0000000000000000
246.0000000000000000,-20.0000000000000000,-3.1250000000000000
247.0000000000000000,2.1875000000000000,7.5000000000000000
248.0000000000000000,0.0000000000000000,5.0000000000000000
249.0000000000000000,5.4687500000000000,12.5000000000000000
250.0000000000000000,6.5625000000000000,15.0000000000000000
251.0000000000000000,-2.5000000000000000,2.5000000000000000
252.0000000000000000,-6.3351414300000002,-0.0356775107000000
253.0000000000000000,-17.7729192000000005,-3.5092453400000001
254.0000000000000000,4.3750000000000000,10.0000000000000000
255.0000000000000000,7.6562500000000000,17.5000000000000000
256.0000000000000000,6.5625000000000000,13.7500000000000000
257.0000000000000000,2.1875000000000000,6.2500000000000000
258.0000000000000000,1.0937500000000000,5.0000000000000000
259.0000000000000000,3.2812500000000000,7.5000000000000000
260.0000000000000000,-5.0000000000000000,0.0000000000000000
261.0000000000000000,0.0000000000000000,3.7500000000000000
262.0000000000000000,8.7500000000000000,20.0000000000000000
263.0000000000000000,-18.9104801999999985,-4.2274570699999998
264.0000000000000000,-1.2500000000000000,2.5000000000000000
265.0000000000000000,4.3750000000000000,8.7500000000000000
266.0000000000000000,6.5625000000000000,12.5000000000000000
267.0000000000000000,7.6562500000000000,15.0000000000000000
268.0000000000000000,8.7500000000000000,18.7500000000000000
269.0000000000000000,-2.5000000000000000,1.2500000000000000
270.0000000000000000,5.4687500000000000,10.0000000000000000
271.0000000000000000,8.7500000000000000,17.5000000000000000
272.0000000000000000,-3.7500000000000000,0.0000000000000000
273.0000000000000000,2.1875000000000000,5.0000000000000000
274.0000000000000000,6.5625000000000000,11.2500000000000000
275.0000000000000000,-20.0000000000000000,-5.0000000000000000
276.0000000000000000,4.3750000000000000,7.5000000000000000
277.0000000000000000,8.7500000000000000,16.2500000000000000
278.0000000000000000,0.0000000000000000,2.5000000000000000
279.0000000000000000,9.8437500000000000,20.0000000000000000
280.0000000000000000,7.6562500000000000,12.5000000000000000
281.0000000000000000,8.7500000000000000,15.0000000000000000
282.0000000000000000,6.5625000000000000,10.0000000000000000
283.0000000000000000,-2.5000000000000000,0.0000000000000000
284.0000000000000000,3.2812500000000000,5.0000000000000000
285.0000000000000000,2.1875000000000000,3.7500000000000000
286.0000000000000000,4.3750000000000000,6.2500000000000000
287.0000000000000000,9.8437500000000000,17.5000000000000000
288.0000000000000000,1.0937500000000000,2.5000000000000000
289.0000000000000000,8.7500000000000000,13.7500000000000000
290.0000000000000000,5.4687500000000000,7.5000000000000000
291.0000000000000000,0.0000000000000000,1.2500000000000000
292.0000000000000000,6.5625000000000000,8.7500000000000000
293.0000000000000000,-1.2500000000000000,0.0000000000000000
294.0000000000000000,10.9375000000000000,20.0000000000000000
295.0000000000000000,8.7500000000000000,12.5000000000000000
296.0000000000000000,7.6562500000000000,10.0000000000000000
297.0000000000000000,9.8437500000000000,15.0000000000000000
298.0000000000000000,4.3750000000000000,5.0000000000000000
299.0000000000000000,10.9375000000000000,18.7500000000000000
300.0000000000000000,2.1875000000000000,2.5000000000000000
301.0000000000000000,6.5625000000000000,7.5000000000000000
302.0000000000000000,10.9375000000000000,17.5000000000000000
303.0000000000000000,8.7500000000000000,11.2500000000000000
304.0000000000000000,0.0000000000000000,0.0000000000000000
305.0000000000000000,10.9375000000000000,16.2500000000000000
306.0000000000000000,4.3750000000000000,3.7500000000000000
307.0000000000000000,9.8437500000000000,12.5000000000000000
308.0000000000000000,3.2812500000000000,2.5000000000000000
309.0000000000000000,5.4687500000000000,5.0000000000000000
310.0000000000000000,12.0312500000000000,20.0000000000000000
311.0000000000000000,8.7500000000000000,10.0000000000000000
312.0000000000000000,2.1875000000000000,1.2500000000000000
313.0000000000000000,6.5625000000000000,6.2500000000000000
314.0000000000000000,10.9375000000000000,15.0000000000000000
315.0000000000000000,1.0937500000000000,0.0000000000000000
316.0000000000000000,7.6562500000000000,7.5000000000000000
317.0000000000000000,12.0312500000000000,17.5000000000000000
318.0000000000000000,10.9375000000000000,13.7500000000000000
319.0000000000000000,8.7500000000000000,8.7500000000000000
320.0000000000000000,4.3750000000000000,2.5000000000000000
321.0000000000000000,6.5625000000000000,5.0000000000000000
322.0000000000000000,10.9375000000000000,12.5000000000000000
323.0000000000000000,9.8437500000000000,10.0000000000000000
324.0000000000000000,2.1875000000000000,0.0000000000000000
325.0000000000000000,13.1250000000000000,20.0000000000000000
326.0000000000000000,12.0312500000000000,15.0000000000000000
327.0000000000000000,8.7500000000000000,7.5000000000000000
328.0000000000000000,13.1250000000000000,18.7500000000000000
329.0000000000000000,10.9375000000000000,11.2500000000000000
330.0000000000000000,13.1250000000000000,17.5000000000000000
331.0000000000000000,5.4687500000000000,2.5000000000000000
332.0000000000000000,6.5625000000000000,3.7500000000000000
333.0000000000000000,4.3750000000000000,1.2500000000000000
334.0000000000000000,7.6562500000000000,5.0000000000000000
335.0000000000000000,3.2812500000000000,0.0000000000000000
336.0000000000000000,13.1250000000000000,16.2500000000000000
337.0000000000000000,8.7500000000000000,6.2500000000000000
338.0000000000000000,10.9375000000000000,10.0000000000000000
339.0000000000000000,12.0312500000000000,12.5000000000000000
340.0000000000000000,14.2187500000000000,20.0000000000000000
341.0000000000000000,9.8437500000000000,7.5000000000000000
342.0000000000000000,13.1250000000000000,15.0000000000000000
343.0000000000000000,6.5625000000000000,2.5000000000000000
344.0000000000000000,4.3750000000000000,0.0000000000000000
345.0000000000000000,10.9375000000000000,8.7500000000000000
346.0000000000000000,13.1250000000000000,13.7500000000000000
347.0000000000000000,8.7500000000000000,5.0000000000000000
348.0000000000000000,14.2187500000000000,17.5000000000000000
349.0000000000000000,12.0312500000000000,10.0000000000000000
350.0000000000000000,13.1250000000000000,12.5000000000000000
351.0000000000000000,10.9375000000000000,7.5000000000000000
352.0000000000000000,6.5625000000000000,1.2500000000000000
353.0000000000000000,14.2187500000000000,15.0000000000000000
354.0000000000000000,7.6562500000000000,2.5000000000000000
355.0000000000000000,15.3125000000000000,20.0000000000000000
356.0000000000000000,5.4687500000000000,0.0000000000000000
357.0000000000000000,8.7500000000000000,3.7500000000000000
358.0000000000000000,15.3125000000000000,18.7500000000000000
359.0000000000000000,13.1250000000000000,11.2500000000000000
360.0000000000000000,9.8437500000000000,5.0000000000000000
361.0000000000000000,15.3125000000000000,17.5000000000000000
362.0000000000000000,10.9375000000000000,6.2500000000000000
363.0000000000000000,13.1250000000000000,10.0000000000000000
364.0000000000000000,15.3125000000000000,16.2500000000000000
365.0000000000000000,14.2187500000000000,12.5000000000000000
366.0000000000000000,6.5625000000000000,0.0000000000000000
367.0000000000000000,12.0312500000000000,7.5000000000000000
368.0000000000000000,8.7500000000000000,2.5000000000000000
369.0000000000000000,15.3125000000000000,15.0000000000000000
370.0000000000000000,16.4062500000000000,20.0000000000000000
371.0000000000000000,10.9375000000000000,5.0000000000000000
372.0000000000000000,13.1250000000000000,8.7500000000000000
373.0000000000000000,15.3125000000000000,13.7500000000000000
374.0000000000000000,16.4062500000000000,17.5000000000000000
375.0000000000000000,7.6562500000000000,0.0000000000000000
376.0000000000000000,8.7500000000000000,1.2500000000000000
377.0000000000000000,14.2187500000000000,10.0000000000000000
378.0000000000000000,9.8437500000000000,2.5000000000000000
379.0000000000000000,15.3125000000000000,12.5000000000000000
380.0000000000000000,13.1250000000000000,7.5000000000000000
381.0000000000000000,10.9375000000000000,3.7500000000000000
382.0000000000000000,16.4062500000000000,15.0000000000000000
383.0000000000000000,12.0312500000000000,5.0000000000000000
384.0000000000000000,17.5000000000000000,20.0000000000000000
385.0000000000000000,15.3125000000000000,11.2500000000000000
386.0000000000000000,17.5000000000000000,18.7500000000000000
387.0000000000000000,13.1250000000000000,6.2500000000000000
388.0000000000000000,8.7500000000000000,0.0000000000000000
389.0000000000000000,17.5000000000000000,17.5000000000000000
390.0000000000000000,10.9375000000000000,2.5000000000000000
391.0000000000000000,15.3125000000000000,10.0000000000000000
392.0000000000000000,14.2187500000000000,7.5000000000000000
393.0000000000000000,16.4062500000000000,12.5000000000000000
394.0000000000000000,17.5000000000000000,16.2500000000000000
395.0000000000000000,13.1250000000000000,5.0000000000000000
396.0000000000000000,17.5000000000000000,15.0000000000000000
397.0000000000000000,15.3125000000000000,8.7500000000000000
398.0000000000000000,9.8437500000000000,0.0000000000000000
399.0000000000000000,18.6250000000000000,20.0000000000000000
400.0000000000000000,10.9375000000000000,1.2500000000000000
401.0000000000000000,12.0312500000000000,2.5000000000000000
402.0000000000000000,17.5000000000000000,13.7500000000000000
403.0000000000000000,18.6250000000000000,17.5000000000000000
404.0000000000000000,13.1250000000000000,3.7500000000000000
405.0000000000000000,16.4062500000000000,10.0000000000000000
406.0000000000000000,15.3125000000000000,7.5000000000000000
407.0000000000000000,17.5000000000000000,12.5000000000000000
408.0000000000000000,14.2187500000000000,5.0000000000000000
409.0000000000000000,10.9375000000000000,0.0000000000000000
410.0000000000000000,18.6250000000000000,15.0000000000000000
411.0000000000000000,17.5000000000000000,11.2500000000000000
412.0000000000000000,15.3125000000000000,6.2500000000000000
413.0000000000000000,13.1250000000000000,2.5000000000000000
414.0000000000000000,19.7500000000000000,20.0000000000000000
415.0000000000000000,19.7500000000000000,18.7500000000000000
416.0000000000000000,17.5000000000000000,10.0000000000000000
417.0000000000000000,16.4062500000000000,7.5000000000000000
418.0000000000000000,19.7500000000000000,17.5000000000000000
419.0000000000000000,15.3125000000000000,5.0000000000000000
420.0000000000000000,18.6250000000000000,12.5000000000000000
421.0000000000000000,12.0312500000000000,0.0000000000000000
422.0000000000000000,19.7500000000000000,16.2500000000000000
423.0000000000000000,13.1250000000000000,1.2500000000000000
424.0000000000000000,17.5000000000000000,8.7500000000000000
425.0000000000000000,14.2187500000000000,2.5000000000000000
426.0000000000000000,19.7500000000000000,15.0000000000000000
427.0000000000000000,20.8750000000000000,20.0000000000000000
428.0000000000000000,15.3125000000000000,3.7500000000000000
429.0000000000000000,19.7500000000000000,13.7500000000000000
430.0000000000000000,17.5000000000000000,7.5000000000000000
431.0000000000000000,18.6250000000000000,10.0000000000000000
432.0000000000000000,13.1250000000000000,0.0000000000000000
433.0000000000000000,16.4062500000000000,5.0000000000000000
434.0000000000000000,20.8750000000000000,17.5000000000000000
435.0000000000000000,19.7500000000000000,12.5000000000000000
436.0000000000000000,15.3125000000000000,2.5000000000000000
437.0000000000000000,17.5000000000000000,6.2500000000000000
438.0000000000000000,19.7500000000000000,11.2500000000000000
439.0000000000000000,20.8750000000000000,15.0000000000000000
440.0000000000000000,22.0000000000000000,20.0000000000000000
441.0000000000000000,14.2187500000000000,0.0000000000000000
442.0000000000000000,18.6250000000000000,7.5000000000000000
443.0000000000000000,22.0000000000000000,18.7500000000000000
444.0000000000000000,19.7500000000000000,10.0000000000000000
445.0000000000000000,17.5000000000000000,5.0000000000000000
446.0000000000000000,15.3125000000000000,1.2500000000000000
447.0000000000000000,22.0000000000000000,17.5000000000000000
448.0000000000000000,20.8750000000000000,12.5000000000000000
449.0000000000000000,16.4062500000000000,2.5000000000000000
450.0000000000000000,22.0000000000000000,16.2500000000000000
451.0000000000000000,19.7500000000000000,8.7500000000000000
452.0000000000000000,17.5000000000000000,3.7500000000000000
453.0000000000000000,22.0000000000000000,15.0000000000000000
454.0000000000000000,15.3125000000000000,0.0000000000000000
455.0000000000000000,23.1250000000000000,20.0000000000000000
456.0000000000000000,19.7500000000000000,7.5000000000000000
457.0000000000000000,22.0000000000000000,13.7500000000000000
458.0000000000000000,18.6250000000000000,5.0000000000000000
459.0000000000000000,20.8750000000000000,10.0000000000000000
460.0000000000000000,17.5000000000000000,2.5000000000000000
461.0000000000000000,23.1250000000000000,17.5000000000000000
462.0000000000000000,22.0000000000000000,12.5000000000000000
463.0000000000000000,19.7500000000000000,6.2500000000000000
464.0000000000000000,16.4062500000000000,0.0000000000000000
465.0000000000000000,22.0000000000000000,11.2500000000000000
466.0000000000000000,23.1250000000000000,15.0000000000000000
467.0000000000000000,17.5000000000000000,1.2500000000000000
468.0000000000000000,20.8750000000000000,7.5000000000000000
469.0000000000000000,19.7500000000000000,5.0000000000000000
470.0000000000000000,24.2500000000000000,20.0000000000000000
471.0000000000000000,22.0000000000000000,10.0000000000000000
472.0000000000000000,24.2500000000000000,18.7500000000000000
473.0000000000000000,18.6250000000000000,2.5000000000000000
474.0000000000000000,24.2500000000000000,17.5000000000000000
475.0000000000000000,23.1250000000000000,12.5000000000000000
476.0000000000000000,22.0000000000000000,8.7500000000000000
477.0000000000000000,17.5000000000000000,0.0000000000000000
478.0000000000000000,19.7500000000000000,3.7500000000000000
479.0000000000000000,24.2500000000000000,16.2500000000000000
480.0000000000000000,24.2500000000000000,15.0000000000000000
481.0000000000000000,22.0000000000000000,7.5000000000000000
482.0000000000000000,20.8750000000000000,5.0000000000000000
483.0000000000000000,25.3750000000000000,20.0000000000000000
484.0000000000000000,24.2500000000000000,13.7500000000000000
485.0000000000000000,23.1250000000000000,10.0000000000000000
486.0000000000000000,19.7500000000000000,2.5000000000000000
487.0000000000000000,24.2500000000000000,12.5000000000000000
488.0000000000000000,25.3750000000000000,17.5000000000000000
489.0000000000000000,22.0000000000000000,6.2500000000000000
490.0000000000000000,18.6250000000000000,0.0000000000000000
491.0000000000000000,19.7500000000000000,1.2500000000000000
492.0000000000000000,24.2500000000000000,11.2500000000000000
493.0000000000000000,25.3750000000000000,15.0000000000000000
494.0000000000000000,22.0000000000000000,5.0000000000000000
495.0000000000000000,23.1250000000000000,7.5000000000000000
496.0000000000000000,20.8750000000000000,2.5000000000000000
497.0000000000000000,24.2500000000000000,10.0000000000000000
498.0000000000000000,26.5000000000000000,20.0000000000000000
499.0000000000000000,26.5000000000000000,18.7500000000000000
500.0000000000000000,19.7500000000000000,0.0000000000000000
501.0000000000000000,25.3750000000000000,12.5000000000000000
502.0000000000000000,22.0000000000000000,3.7500000000000000
503.0000000000000000,26.5000000000000000,17.5000000000000000
504.0000000000000000,24.2500000000000000,8.7500000000000000
505.0000000000000000,26.5000000000000000,16.2500000000000000
506.0000000000000000,23.1250000000000000,5.0000000000000000
507.0000000000000000,26.5000000000000000,15.0000000000000000
508.0000000000000000,24.2500000000000000,7.5000000000000000
509.0000000000000000,22.0000000000000000,2.5000000000000000
510.0000000000000000,25.3750000000000000,10.0000000000000000
511.0000000000000000,26.5000000000000000,13.7500000000000000
512.0000000000000000,27.6250000000000000,20.0000000000000000
513.0000000000000000,20.8750000000000000,0.0000000000000000
514.0000000000000000,24.2500000000000000,6.2500000000000000
515.0000000000000000,26.5000000000000000,12.5000000000000000
516.0000000000000000,27.6250000000000000,17.5000000000000000
517.0000000000000000,22.0000000000000000,1.2500000000000000
518.0000000000000000,26.5000000000000000,11.2500000000000000
519.0000000000000000,24.2500000000000000,5.0000000000000000
520.0000000000000000,25.3750000000000000,7.5000000000000000
521.0000000000000000,23.1250000000000000,2.5000000000000000
522.0000000000000000,27.6250000000000000,15.0000000000000000
523.0000000000000000,26.5000000000000000,10.0000000000000000
524.0000000000000000,22.0000000000000000,0.0000000000000000
525.0000000000000000,28.7500000000000000,20.0000000000000000
526.0000000000000000,24.2500000000000000,3.7500000000000000
527.0000000000000000,28.7500000000000000,18.7500000000000000
528.0000000000000000,27.6250000000000000,12.5000000000000000
529.0000000000000000,26.5000000000000000,8.7500000000000000
530.0000000000000000,28.7500000000000000,17.5000000000000000
531.0000000000000000,28.7500000000000000,16.2500000000000000
532.0000000000000000,25.3750000000000000,5.0000000000000000
533.0000000000000000,24.2500000000000000,2.5000000000000000
534.0000000000000000,26.5000000000000000,7.5000000000000000
535.0000000000000000,28.7500000000000000,15.0000000000000000
536.0000000000000000,23.1250000000000000,0.0000000000000000
537.0000000000000000,27.6250000000000000,10.0000000000000000
538.0000000000000000,28.7500000000000000,13.7500000000000000
539.0000000000000000,26.5000000000000000,6.2500000000000000
540.0000000000000000,29.8026966000000009,19.1035533999999991
541.0000000000000000,24.2500000000000000,1.2500000000000000
542.0000000000000000,28.7500000000000000,12.5000000000000000
543.0000000000000000,30.1562500000000000,20.0000000000000000
544.0000000000000000,29.7656394999999989,16.7809263000000009
545.0000000000000000,26.5000000000000000,5.0000000000000000
546.0000000000000000,25.3750000000000000,2.5000000000000000
547.0000000000000000,28.7500000000000000,11.2500000000000000
548.0000000000000000,27.6250000000000000,7.5000000000000000
549.0000000000000000,29.7163156000000015,14.5633359000000002
550.0000000000000000,24.2500000000000000,0.0000000000000000
551.0000000000000000,28.7500000000000000,10.0000000000000000
552.0000000000000000,26.5000000000000000,3.7500000000000000
553.0000000000000000,29.6740506000000011,12.3373620000000006
554.0000000000000000,30.8553932000000017,18.2071067999999983
555.0000000000000000,28.7500000000000000,8.7500000000000000
556.0000000000000000,30.8095186000000005,17.1377352000000016
557.0000000000000000,30.7597437999999990,16.1127314999999989
558.0000000000000000,27.6250000000000000,5.0000000000000000
559.0000000000000000,26.5000000000000000,2.5000000000000000
560.0000000000000000,30.7103269999999995,15.1154711000000006
561.0000000000000000,28.7500000000000000,7.5000000000000000
562.0000000000000000,31.5625000000000000,20.0000000000000000
563.0000000000000000,25.3750000000000000,0.0000000000000000
564.0000000000000000,30.6637693999999996,14.1292481999999993
565.0000000000000000,29.6562500000000000,10.0000000000000000
566.0000000000000000,30.6231058000000012,13.1388364000000006
567.0000000000000000,30.5910784000000007,12.1298809999999992
568.0000000000000000,26.5000000000000000,1.2500000000000000
569.0000000000000000,28.7500000000000000,6.2500000000000000
570.0000000000000000,30.5699873000000011,11.0878254999999992
571.0000000000000000,31.9080897999999991,17.3106602000000009
572.0000000000000000,32.0492569999999972,18.2535610000000013
573.0000000000000000,31.7394914999999997,15.4784562000000001
574.0000000000000000,29.6739679000000010,7.6621319100000003
575.0000000000000000,27.6250000000000000,2.5000000000000000
576.0000000000000000,28.7500000000000000,5.0000000000000000
577.0000000000000000,32.4020561000000029,19.1413906999999988
578.0000000000000000,30.5625000000000000,10.0000000000000000
579.0000000000000000,26.5000000000000000,0.0000000000000000
580.0000000000000000,31.5986487999999994,13.6968780999999993
581.0000000000000000,30.5699581999999985,8.9119962299999997
582.0000000000000000,31.5034244000000001,11.8925046000000005
583.0000000000000000,28.7500000000000000,3.7500000000000000
584.0000000000000000,32.9687500000000000,20.0000000000000000
585.0000000000000000,30.5909839000000012,7.8695406200000004
586.0000000000000000,29.7161462999999983,5.4356279299999999
587.0000000000000000,33.1879089999999977,18.3036478000000002
588.0000000000000000,31.4687500000000000,10.0000000000000000
589.0000000000000000,32.8298879000000028,15.6448932000000003
590.0000000000000000,32.9607864000000035,16.4142136000000001
591.0000000000000000,32.7120608000000033,14.8611404999999994
592.0000000000000000,28.7500000000000000,2.5000000000000000
593.0000000000000000,32.6113811000000027,14.0682117000000009
594.0000000000000000,30.6229461000000001,6.8601861399999997
595.0000000000000000,27.6250000000000000,0.0000000000000000
596.0000000000000000,32.5272409000000025,13.2653669000000001
597.0000000000000000,32.4609816999999978,12.4551154999999998
598.0000000000000000,32.4134293999999983,11.6401806000000008
599.0000000000000000,30.6635759999999991,5.8695675899999999
600.0000000000000000,31.5033652999999987,8.1071338599999994
601.0000000000000000,28.7500000000000000,1.2500000000000000
602.0000000000000000,32.3844907000000006,10.8196090999999992
603.0000000000000000,29.7655354000000010,3.2184369199999998
604.0000000000000000,33.9379598000000016,17.4798158000000008
605.0000000000000000,33.8092163000000028,16.5459206999999999
606.0000000000000000,32.3750000000000000,10.0000000000000000
607.0000000000000000,30.7101484000000013,4.8834359100000002
608.0000000000000000,34.3750000000000000,20.0000000000000000
609.0000000000000000,34.2948717000000016,18.3541567999999984
610.0000000000000000,32.3844907000000006,9.1803908799999991
611.0000000000000000,33.6846300999999997,14.2438248000000005
612.0000000000000000,28.7500000000000000,0.0000000000000000
613.0000000000000000,33.4558330999999995,12.8338555999999997
614.0000000000000000,34.0134831000000020,15.5177669999999992
615.0000000000000000,31.5985279000000006,6.3023817400000004
616.0000000000000000,30.7596248999999986,3.8865406600000001
617.0000000000000000,32.4134293999999983,8.3598193500000004
618.0000000000000000,33.3234344999999976,11.3878567000000004
619.0000000000000000,34.8794030999999976,19.1912203999999988
620.0000000000000000,32.4609816999999978,7.5448845000000002
621.0000000000000000,34.6701095000000024,16.6629392000000003
622.0000000000000000,29.8026966000000009,0.8964466080000000
623.0000000000000000,33.2812500000000000,10.0000000000000000
624.0000000000000000,30.8094773999999987,2.8620128800000000
625.0000000000000000,32.5272409000000025,6.7346331299999997
626.0000000000000000,31.7394171999999983,4.5210889600000002
627.0000000000000000,35.3901321000000024,18.4002003000000016
628.0000000000000000,33.3234934999999979,8.6125048500000005
629.0000000000000000,34.5124351999999988,13.0209522999999994
630.0000000000000000,34.3907124999999994,12.4014854999999997
631.0000000000000000,34.6643777000000028,13.6095494000000006
632.0000000000000000,34.2988575999999981,11.7713946000000007
633.0000000000000000,30.8553932000000017,1.7928932200000001
634.0000000000000000,34.8502573000000027,14.1520512000000007
635.0000000000000000,32.6113811000000027,5.9317882900000001
636.0000000000000000,34.2357804999999971,11.1504802999999999
637.0000000000000000,35.7812500000000000,20.0000000000000000
638.0000000000000000,35.0661796999999993,14.6213204000000001
639.0000000000000000,30.1562500000000000,0.0000000000000000
640.0000000000000000,34.1989941000000002,10.5513928000000003
641.0000000000000000,35.5443882000000002,16.7653397999999996
642.0000000000000000,35.4022592999999972,15.8460626999999992
643.0000000000000000,34.1875000000000000,10.0000000000000000
644.0000000000000000,32.7120608000000033,5.1388595300000004
645.0000000000000000,33.4559539999999984,7.1668845299999999
646.0000000000000000,34.1990231999999992,9.4487855300000003
647.0000000000000000,35.9050782999999996,17.6210197999999991
648.0000000000000000,35.5691757000000024,14.8382802999999992
649.0000000000000000,31.9080897999999991,2.6893398300000002
650.0000000000000000,34.2358750000000001,8.8500980899999995
651.0000000000000000,32.8298879000000028,4.3551067999999997
652.0000000000000000,34.2990173000000027,8.2295828600000007
653.0000000000000000,35.3381662999999975,11.9673978999999999
654.0000000000000000,36.4927956000000009,18.4405423999999982
655.0000000000000000,35.1528082999999967,10.9429993000000003
656.0000000000000000,35.6584821000000005,12.9413546999999998
657.0000000000000000,32.0493554000000032,1.7464526499999999
658.0000000000000000,36.4221331000000035,16.8477591000000011
659.0000000000000000,33.6847044000000011,5.7566300999999998
660.0000000000000000,36.1523101000000011,15.0222306999999997
661.0000000000000000,35.0937500000000000,10.0000000000000000
662.0000000000000000,34.3909058999999999,7.5996986700000004
663.0000000000000000,32.9607864000000035,3.5857864300000002
664.0000000000000000,36.1188762999999966,13.7248736999999998
665.0000000000000000,31.5625000000000000,0.0000000000000000
666.0000000000000000,37.1875000000000000,20.0000000000000000
667.0000000000000000,35.1528909999999968,9.0575067899999997
668.0000000000000000,34.5126137000000028,6.9801406699999999
669.0000000000000000,36.9391880000000015,16.0744983999999995
670.0000000000000000,36.7939045999999976,15.1765229000000001
671.0000000000000000,37.3744684999999990,19.2328346000000003
672.0000000000000000,32.4023042999999973,0.8586438420000000
673.0000000000000000,34.6644965999999997,6.3911784000000003
674.0000000000000000,34.0134831000000020,4.4822330399999997
675.0000000000000000,36.0768588999999977,10.7803612999999991
676.0000000000000000,36.1719634000000028,11.1602309999999996
677.0000000000000000,37.3099045000000018,16.9138348000000001
678.0000000000000000,35.3383356000000006,8.0336383399999995
679.0000000000000000,36.0189814000000013,10.3892182000000002
680.0000000000000000,36.3044818999999990,11.5307337000000008
681.0000000000000000,36.9381630000000030,14.1844877999999994
682.0000000000000000,33.8092163000000028,3.4540793100000000
683.0000000000000000,36.0000000000000000,10.0000000000000000
684.0000000000000000,36.4727621999999982,11.8864234000000000
685.0000000000000000,37.6189073999999977,18.4721474999999984
686.0000000000000000,33.1881926000000007,1.6963916999999999
687.0000000000000000,36.0189814000000013,9.6107817600000001
688.0000000000000000,36.6741215999999994,12.2222808999999994
689.0000000000000000,34.8502985000000010,5.8482007200000004
690.0000000000000000,36.0768588999999977,9.2196387099999999
691.0000000000000000,36.9097758999999996,12.5397864000000006
692.0000000000000000,37.4541341999999986,15.2953179000000006
693.0000000000000000,37.9016599999999997,17.7157793000000012
694.0000000000000000,33.9381370999999987,2.5202089000000001
695.0000000000000000,36.1719634000000028,8.8397690000000004
696.0000000000000000,37.1715729000000010,12.8284271000000007
697.0000000000000000,35.0661796999999993,5.3786796499999996
698.0000000000000000,35.6585861000000008,7.0592821399999997
699.0000000000000000,32.9687500000000000,0.0000000000000000
700.0000000000000000,36.3044818999999990,8.4692662700000003
701.0000000000000000,37.4621826999999996,13.0918413999999999
702.0000000000000000,38.2035693999999992,16.9615706000000017
703.0000000000000000,34.6701095000000024,3.3370607699999999
704.0000000000000000,38.5937500000000000,20.0000000000000000
705.0000000000000000,37.9648632000000035,14.5042977000000004
706.0000000000000000,38.1270133000000015,15.3871272000000001
707.0000000000000000,36.4727621999999982,8.1135765800000001
708.0000000000000000,37.7777190999999988,13.3258785000000000
709.0000000000000000,35.5690772999999965,5.1617059699999999
710.0000000000000000,34.2953052000000014,1.6459035399999999
711.0000000000000000,38.7834018000000000,18.4927104000000000
712.0000000000000000,36.1188762999999966,6.2751262600000004
713.0000000000000000,38.5054786999999976,16.2073618000000010
714.0000000000000000,35.4020820000000001,4.1539126399999997
715.0000000000000000,36.6741215999999994,7.7777190599999999
716.0000000000000000,38.1200262999999993,13.5306797000000003
717.0000000000000000,36.9097758999999996,7.4602136000000003
718.0000000000000000,38.4692663000000010,13.6955180999999993
719.0000000000000000,38.7882312999999996,15.4509936000000003
720.0000000000000000,36.1520264999999981,4.9777298400000003
721.0000000000000000,39.1016284999999968,16.9904468999999985
722.0000000000000000,35.5443880999999990,3.2346601700000002
723.0000000000000000,34.3750000000000000,0.0000000000000000
724.0000000000000000,37.1715729000000010,7.1715728700000003
725.0000000000000000,38.8385589999999965,13.8276696000000001
726.0000000000000000,39.0326701999999983,14.6903065000000002
727.0000000000000000,34.8798146999999972,0.8088368570000000
728.0000000000000000,36.9379148000000015,5.8154776999999997
729.0000000000000000,35.3906025000000000,1.5998651800000001
730.0000000000000000,39.4198552000000007,15.4881832999999993
731.0000000000000000,40.0000000000000000,20.0000000000000000
732.0000000000000000,37.4621825999999984,6.9081586200000000
733.0000000000000000,39.2196386999999973,13.9231411000000005
734.0000000000000000,36.7934710999999979,4.8234168000000004
735.0000000000000000,40.0000000000000000,19.2500000000000000
736.0000000000000000,35.9053723000000033,2.3790211399999999
737.0000000000000000,40.0000000000000000,18.5000000000000000
738.0000000000000000,40.0000000000000000,17.7500000000000000
739.0000000000000000,36.4221331000000035,3.1522409300000001
740.0000000000000000,40.0000000000000000,17.0000000000000000
741.0000000000000000,37.7777190999999988,6.6741215399999998
742.0000000000000000,39.6095070000000007,13.9808938000000005
743.0000000000000000,40.0000000000000000,16.2500000000000000
744.0000000000000000,36.9388939999999977,3.9254607199999998
745.0000000000000000,40.0000000000000000,15.5000000000000000
746.0000000000000000,40.0000000000000000,14.7500000000000000
747.0000000000000000,37.4536638000000011,4.7046166899999999
748.0000000000000000,40.0000000000000000,14.0000000000000000
749.0000000000000000,38.1200262999999993,6.4693203400000003
750.0000000000000000,35.7812500000000000,0.0000000000000000
751.0000000000000000,37.9644515000000027,5.4956450099999996
752.0000000000000000,36.4931875999999988,1.5595121199999999
753.0000000000000000,40.5792150999999990,15.4883088999999998
754.0000000000000000,37.3099045000000018,3.0861651900000000
755.0000000000000000,38.4692663000000010,6.3044818600000001
756.0000000000000000,40.3892183000000031,13.9810186000000005
757.0000000000000000,40.8977341000000010,16.9905092999999994
758.0000000000000000,41.2162531000000030,18.4927096999999989
759.0000000000000000,38.1266212999999965,4.6128182600000001
760.0000000000000000,41.4062500000000000,20.0000000000000000
761.0000000000000000,38.8385589999999965,6.1723303800000000
762.0000000000000000,40.7803613000000027,13.9231411000000005
763.0000000000000000,40.9678620999999978,14.6903805999999992
764.0000000000000000,41.2123769999999965,15.4510781999999995
765.0000000000000000,41.4949014999999974,16.2074147000000011
766.0000000000000000,39.2196386999999973,6.0768588699999997
767.0000000000000000,41.1602310000000031,13.8280366000000008
768.0000000000000000,37.9018062000000029,2.2842410300000000
769.0000000000000000,38.2035693999999992,3.0384294399999998
770.0000000000000000,37.6191413000000026,1.5278850300000000
771.0000000000000000,39.0324656000000019,5.3096649899999999
772.0000000000000000,38.5053325000000015,3.7926178500000001
773.0000000000000000,38.7879974000000018,4.5489738400000004
774.0000000000000000,37.3746731999999966,0.7671938860000000
775.0000000000000000,41.7964307000000019,16.9615706000000017
776.0000000000000000,37.1875000000000000,0.0000000000000000
777.0000000000000000,42.0979597999999982,17.7157264000000012
778.0000000000000000,39.6095070000000007,6.0191062300000002
779.0000000000000000,41.5307338000000001,13.6955180999999993
780.0000000000000000,41.8728838999999979,15.3875645999999993
781.0000000000000000,42.3804842999999991,18.4720629000000010
782.0000000000000000,39.4197825999999978,4.5118065800000000
783.0000000000000000,42.6249992999999989,19.2327605000000013
784.0000000000000000,42.0362080000000020,14.5044467000000008
785.0000000000000000,40.0000000000000000,6.0000000000000000
786.0000000000000000,41.8864233999999982,13.5272378000000000
787.0000000000000000,42.8125000000000000,20.0000000000000000
788.0000000000000000,39.1016284999999968,3.0095531100000001
789.0000000000000000,40.0000000000000000,5.2500000000000000
790.0000000000000000,42.6894904999999980,16.9140182999999986
791.0000000000000000,42.5470899999999972,15.2954881999999994
792.0000000000000000,40.3892183000000031,6.0189813900000004
793.0000000000000000,38.7834744000000029,1.5072996500000000
794.0000000000000000,42.2222809000000012,13.3258784000000006
795.0000000000000000,40.0000000000000000,4.5000000000000000
796.0000000000000000,40.0000000000000000,3.7500000000000000
797.0000000000000000,40.7803613000000027,6.0768588799999996
798.0000000000000000,42.5397863999999970,13.0902241000000004
799.0000000000000000,43.0615771000000009,16.0746047999999995
800.0000000000000000,38.5937500000000000,0.0000000000000000
801.0000000000000000,43.5060970999999981,18.4404719999999998
802.0000000000000000,40.0000000000000000,3.0000000000000000
803.0000000000000000,40.5789769000000007,4.5117241899999998
804.0000000000000000,43.2133573999999996,15.1738719999999994
805.0000000000000000,43.0624831000000015,14.1845776000000008
806.0000000000000000,41.1602310000000031,6.1719634299999999
807.0000000000000000,42.8284270999999990,12.8284271000000007
808.0000000000000000,40.9671889999999976,5.3097130500000000
809.0000000000000000,43.5778668999999965,16.8477591000000011
810.0000000000000000,40.0000000000000000,2.2500000000000000
811.0000000000000000,41.5307336999999990,6.3044818800000000
812.0000000000000000,43.0902241000000004,12.5397864000000006
813.0000000000000000,44.2187500000000000,20.0000000000000000
814.0000000000000000,40.0000000000000000,1.5000000000000000
815.0000000000000000,44.0941565999999980,17.6209133000000016
816.0000000000000000,41.2116078999999971,4.5490287699999996
817.0000000000000000,41.8864233999999982,6.4727621800000001
818.0000000000000000,43.3258785000000017,12.2222808999999994
819.0000000000000000,43.8484283000000019,15.0223334000000008
820.0000000000000000,40.0000000000000000,0.7500000000000000
821.0000000000000000,40.8977341000000010,3.0094907000000002
822.0000000000000000,42.2222809000000012,6.6741215599999997
823.0000000000000000,43.5272378000000018,11.8864234000000000
824.0000000000000000,43.8811237000000034,13.7248736999999998
825.0000000000000000,44.6086438000000030,18.4000300000000010
826.0000000000000000,44.4588366999999991,16.7636189000000009
827.0000000000000000,40.0000000000000000,0.0000000000000000
828.0000000000000000,42.0348539000000017,5.4957416500000003
829.0000000000000000,41.4944206999999992,3.7926521800000002
830.0000000000000000,42.5397863999999970,6.9097758899999997
831.0000000000000000,43.6955181000000010,11.5307337000000008
832.0000000000000000,41.8715941999999970,4.6126148599999999
833.0000000000000000,44.4328750000000028,14.8369698999999997
834.0000000000000000,44.5982022000000029,15.8461268999999998
835.0000000000000000,42.8284270999999990,7.1715728800000003
836.0000000000000000,43.8280365999999972,11.1602309999999996
837.0000000000000000,45.1195257999999981,19.1910713999999984
838.0000000000000000,44.3413778999999977,12.9404977999999993
839.0000000000000000,43.0902241000000004,7.4602136100000003
840.0000000000000000,43.9231411000000023,10.7803612999999991
841.0000000000000000,41.2164914000000024,1.5072572000000000
842.0000000000000000,41.7964307000000019,3.0384294399999998
843.0000000000000000,43.3258785000000017,7.7777190699999998
844.0000000000000000,43.9810185999999987,10.3892182000000002
845.0000000000000000,43.5272378000000018,8.1135765899999992
846.0000000000000000,44.0000000000000000,10.0000000000000000
847.0000000000000000,42.5455425000000034,4.7047271300000002
848.0000000000000000,44.9338204000000019,14.6213203000000007
849.0000000000000000,43.6955181000000010,8.4692662799999994
850.0000000000000000,43.9810185999999987,9.6107817600000001
851.0000000000000000,45.6250000000000000,20.0000000000000000
852.0000000000000000,43.8280365999999972,8.8397690000000004
853.0000000000000000,43.9231411000000023,9.2196387099999999
854.0000000000000000,45.3298904999999976,16.6629392000000003
855.0000000000000000,43.0616664000000000,5.8155359799999999
856.0000000000000000,44.6616057999999967,11.9660030000000006
857.0000000000000000,45.7043160999999998,18.3533657999999988
858.0000000000000000,45.1496872999999965,14.1517122999999998
859.0000000000000000,42.0984406000000035,2.2842066999999999
860.0000000000000000,41.4062500000000000,0.0000000000000000
861.0000000000000000,45.3354623000000032,13.6085700999999997
862.0000000000000000,43.2119430999999992,4.8263247099999997
863.0000000000000000,44.8470804000000030,10.9423177000000003
864.0000000000000000,42.6894904999999980,3.0859817100000000
865.0000000000000000,46.0615786999999983,17.4797516000000002
866.0000000000000000,43.0606099000000029,3.9255297499999999
867.0000000000000000,43.8811237000000034,6.2751262700000003
868.0000000000000000,45.4873244999999997,13.0194813000000007
869.0000000000000000,44.9062500000000000,10.0000000000000000
870.0000000000000000,42.3812533999999985,1.5278301200000000
871.0000000000000000,45.9865169999999992,15.5177668999999998
872.0000000000000000,46.1917681999999985,16.5451121000000008
873.0000000000000000,44.8471521999999965,9.0572423900000008
874.0000000000000000,44.3414682000000013,7.0589498500000003
875.0000000000000000,45.6090270999999987,12.3998913999999996
876.0000000000000000,44.6617528000000021,8.0330972999999997
877.0000000000000000,43.8474949000000009,4.9777964399999997
878.0000000000000000,45.7009273999999976,11.7700785000000003
879.0000000000000000,46.8113527000000005,18.3035449999999997
880.0000000000000000,42.6256722999999980,0.7671458310000000
881.0000000000000000,46.3152698999999970,14.2432127000000008
882.0000000000000000,45.7640923000000015,11.1497013999999997
883.0000000000000000,47.0312500000000000,20.0000000000000000
884.0000000000000000,43.5778668999999965,3.1522409400000000
885.0000000000000000,45.8009666999999965,10.5511526000000000
886.0000000000000000,44.4325546999999972,5.1630746299999997
887.0000000000000000,45.8125000000000000,10.0000000000000000
888.0000000000000000,47.0392135999999965,16.4142136000000001
889.0000000000000000,42.8125000000000000,0.0000000000000000
890.0000000000000000,45.8009920000000008,9.4486923699999998
891.0000000000000000,46.5440042000000034,12.8328593000000009
892.0000000000000000,43.5073867999999990,1.5593485700000000
893.0000000000000000,45.7641744000000017,8.8497959099999992
894.0000000000000000,45.7010660999999985,8.2290723299999993
895.0000000000000000,47.1701120999999972,15.6448932000000003
896.0000000000000000,44.9338203000000007,5.3786796600000004
897.0000000000000000,47.5972979000000009,19.1413007999999998
898.0000000000000000,45.6091951000000009,7.5990803400000004
899.0000000000000000,44.5976189000000005,4.1539542699999998
900.0000000000000000,45.1497230000000016,5.8480693400000003
901.0000000000000000,45.4874794999999992,6.9795701599999997
902.0000000000000000,45.3355654000000001,6.3907986399999999
903.0000000000000000,44.0951238000000032,2.3789521300000001
904.0000000000000000,44.4588366999999991,3.2363810900000001
905.0000000000000000,47.2879391999999967,14.8611404999999994
906.0000000000000000,46.6764859999999970,11.3873698000000001
907.0000000000000000,47.3886188999999973,14.0682117000000009
908.0000000000000000,47.9506614000000013,18.2532542000000007
909.0000000000000000,46.7187500000000000,10.0000000000000000
910.0000000000000000,47.4727590999999975,13.2653669000000001
911.0000000000000000,48.0919102000000009,17.3106602000000009
912.0000000000000000,48.4375000000000000,20.0000000000000000
913.0000000000000000,46.6765372999999997,8.6123159900000008
914.0000000000000000,47.5390183000000022,12.4551154999999998
915.0000000000000000,44.6101912999999968,1.5997547500000000
916.0000000000000000,45.3298904999999976,3.3370607799999998
917.0000000000000000,46.5441092000000012,7.1664980700000003
918.0000000000000000,47.5865706000000017,11.6401806000000008
919.0000000000000000,44.2187500000000000,0.0000000000000000
920.0000000000000000,48.2606084999999965,15.4790682000000004
921.0000000000000000,46.3153343999999976,5.7563927499999998
922.0000000000000000,47.6155092999999994,10.8196090999999992
923.0000000000000000,45.9865169999999992,4.4822330499999996
924.0000000000000000,47.6250000000000000,10.0000000000000000
925.0000000000000000,48.4015139999999988,13.6978744999999993
926.0000000000000000,47.6155092999999994,9.1803908799999991
927.0000000000000000,45.1208797999999973,0.8087402310000000
928.0000000000000000,49.1446067999999983,18.2071067999999983
929.0000000000000000,47.5865706000000017,8.3598193599999995
930.0000000000000000,46.1917681999999985,3.4548879499999998
931.0000000000000000,49.1905367999999967,17.1380741000000008
932.0000000000000000,45.7057302999999990,1.6464374700000000
933.0000000000000000,48.4966550999999981,11.8929915000000008
934.0000000000000000,47.5390183000000022,7.5448845000000002
935.0000000000000000,46.0621621000000019,2.5201672899999998
936.0000000000000000,49.2404161999999985,16.1137107999999998
937.0000000000000000,47.4727590999999975,6.7346331399999997
938.0000000000000000,49.2899133000000020,15.1169420999999993
939.0000000000000000,49.8437500000000000,20.0000000000000000
940.0000000000000000,47.3886188999999973,5.9317883000000000
941.0000000000000000,48.5312500000000000,10.0000000000000000
942.0000000000000000,47.2879391999999967,5.1388595400000003
943.0000000000000000,49.3364910000000023,14.1308422999999994
944.0000000000000000,45.6250000000000000,0.0000000000000000
945.0000000000000000,47.1701120999999972,4.3551068099999997
946.0000000000000000,47.0392135999999965,3.5857864400000001
947.0000000000000000,49.3771091999999996,13.1401524999999992
948.0000000000000000,50.1973034000000027,19.1035533999999991
949.0000000000000000,48.4966038000000026,8.1073227200000009
950.0000000000000000,49.4090488000000008,12.1306598999999995
951.0000000000000000,50.2345005000000029,16.7817830999999984
952.0000000000000000,46.8122860000000003,1.6963251200000000
953.0000000000000000,49.4300519000000023,11.0880656000000002
954.0000000000000000,48.4014090000000010,6.3027682100000000
955.0000000000000000,49.4375000000000000,10.0000000000000000
956.0000000000000000,50.2839122999999972,14.5647307999999995
957.0000000000000000,48.2605440999999971,4.5213263200000000
958.0000000000000000,49.4300265999999979,8.9120893900000002
959.0000000000000000,51.2500000000000000,20.0000000000000000
960.0000000000000000,50.3260606999999993,12.3380434999999995
961.0000000000000000,49.4089667000000006,7.8698427999999998
962.0000000000000000,51.2500000000000000,18.7500000000000000
963.0000000000000000,47.0312500000000000,0.0000000000000000
964.0000000000000000,51.2500000000000000,17.5000000000000000
965.0000000000000000,48.0919102000000009,2.6893398300000002
966.0000000000000000,49.3769703999999976,6.8606966800000002
967.0000000000000000,47.5981145000000012,0.8585855830000000
968.0000000000000000,51.2500000000000000,16.2500000000000000
969.0000000000000000,47.9509816999999998,1.7467012600000000
970.0000000000000000,50.3437500000000000,10.0000000000000000
971.0000000000000000,49.3363230000000001,5.8701859299999999
972.0000000000000000,51.2500000000000000,15.0000000000000000
973.0000000000000000,51.2500000000000000,13.7500000000000000
974.0000000000000000,49.2897583999999966,4.8840064300000003
975.0000000000000000,51.2500000000000000,12.5000000000000000
976.0000000000000000,49.2403130000000004,3.8869204399999999
977.0000000000000000,50.3259888999999987,7.6623963200000000
978.0000000000000000,52.3750000000000000,20.0000000000000000
979.0000000000000000,51.2500000000000000,11.2500000000000000
980.0000000000000000,49.1905010999999988,2.8621442799999999
981.0000000000000000,52.3750000000000000,17.5000000000000000
982.0000000000000000,51.2500000000000000,10.0000000000000000
983.0000000000000000,48.4375000000000000,0.0000000000000000
984.0000000000000000,49.1446067999999983,1.7928932200000001
985.0000000000000000,50.2837652999999989,5.4361689799999997
986.0000000000000000,52.3750000000000000,15.0000000000000000
987.0000000000000000,51.2500000000000000,8.7500000000000000
988.0000000000000000,51.2500000000000000,7.5000000000000000
989.0000000000000000,52.3750000000000000,12.5000000000000000
990.0000000000000000,50.2344103000000004,3.2187692200000000
991.0000000000000000,53.5000000000000000,20.0000000000000000
992.0000000000000000,51.2500000000000000,6.2500000000000000
993.0000000000000000,53.5000000000000000,18.7500000000000000
994.0000000000000000,53.5000000000000000,17.5000000000000000
995.0000000000000000,52.3750000000000000,10.0000000000000000
996.0000000000000000,51.2500000000000000,5.0000000000000000
997.0000000000000000,53.5000000000000000,16.2500000000000000
998.0000000000000000,53.5000000000000000,15.0000000000000000
999.0000000000000000,49.8437500000000000,0.0000000000000000
1000.0000000000000000,50.1973034000000027,0.8964466100000000
1001.0000000000000000,51.2500000000000000,3.7500000000000000
1002.0000000000000000,53.5000000000000000,13.7500000000000000
1003.0000000000000000,52.3750000000000000,7.5000000000000000
1004.0000000000000000,53.5000000000000000,12.5000000000000000
1005.0000000000000000,51.2500000000000000,2.5000000000000000
1006.0000000000000000,53.5000000000000000,11.2500000000000000
1007.0000000000000000,54.6250000000000000,20.0000000000000000
1008.0000000000000000,54.6250000000000000,17.5000000000000000
1009.0000000000000000,53.5000000000000000,10.0000000000000000
1010.0000000000000000,52.3750000000000000,5.0000000000000000
1011.0000000000000000,51.2500000000000000,1.2500000000000000
1012.0000000000000000,53.5000000000000000,8.7500000000000000
1013.0000000000000000,54.6250000000000000,15.0000000000000000
1014.0000000000000000,51.2500000000000000,0.0000000000000000
1015.0000000000000000,53.5000000000000000,7.5000000000000000
1016.0000000000000000,54.6250000000000000,12.5000000000000000
1017.0000000000000000,52.3750000000000000,2.5000000000000000
1018.0000000000000000,53.5000000000000000,6.2500000000000000
1019.0000000000000000,55.7500000000000000,20.0000000000000000
1020.0000000000000000,55.7500000000000000,18.7500000000000000
1021.0000000000000000,54.6250000000000000,10.0000000000000000
1022.0000000000000000,55.7500000000000000,17.5000000000000000
1023.0000000000000000,53.5000000000000000,5.0000000000000000
1024.0000000000000000,55.7500000000000000,16.2500000000000000
1025.0000000000000000,55.7500000000000000,15.0000000000000000
1026.0000000000000000,53.5000000000000000,3.7500000000000000
1027.0000000000000000,52.3750000000000000,0.0000000000000000
1028.0000000000000000,55.7500000000000000,13.7500000000000000
1029.0000000000000000,54.6250000000000000,7.5000000000000000
1030.0000000000000000,55.7500000000000000,12.5000000000000000
1031.0000000000000000,53.5000000000000000,2.5000000000000000
1032.0000000000000000,55.7500000000000000,11.2500000000000000
1033.0000000000000000,56.8750000000000000,20.0000000000000000
1034.0000000000000000,55.7500000000000000,10.0000000000000000
1035.0000000000000000,56.8750000000000000,17.5000000000000000
1036.0000000000000000,53.5000000000000000,1.2500000000000000
1037.0000000000000000,54.6250000000000000,5.0000000000000000
1038.0000000000000000,55.7500000000000000,8.7500000000000000
1039.0000000000000000,56.8750000000000000,15.0000000000000000
1040.0000000000000000,53.5000000000000000,0.0000000000000000
1041.0000000000000000,55.7500000000000000,7.5000000000000000
1042.0000000000000000,56.8750000000000000,12.5000000000000000
1043.0000000000000000,54.6250000000000000,2.5000000000000000
1044.0000000000000000,55.7500000000000000,6.2500000000000000
1045.0000000000000000,58.0000000000000000,20.0000000000000000
1046.0000000000000000,58.0000000000000000,18.7500000000000000
1047.0000000000000000,56.8750000000000000,10.0000000000000000
1048.0000000000000000,55.7500000000000000,5.0000000000000000
1049.0000000000000000,58.0000000000000000,17.5000000000000000
1050.0000000000000000,58.0000000000000000,16.2500000000000000
1051.0000000000000000,58.0000000000000000,15.0000000000000000
1052.0000000000000000,55.7500000000000000,3.7500000000000000
1053.0000000000000000,54.6250000000000000,0.0000000000000000
1054.0000000000000000,58.0000000000000000,13.7500000000000000
1055.0000000000000000,56.8750000000000000,7.5000000000000000
1056.0000000000000000,58.0000000000000000,12.5000000000000000
1057.0000000000000000,55.7500000000000000,2.5000000000000000
1058.0000000000000000,58.0000000000000000,11.2500000000000000
1059.0000000000000000,59.1250000000000000,20.0000000000000000
1060.0000000000000000,55.7500000000000000,1.2500000000000000
1061.0000000000000000,58.0000000000000000,10.0000000000000000
1062.0000000000000000,56.8750000000000000,5.0000000000000000
1063.0000000000000000,59.1250000000000000,17.5000000000000000
1064.0000000000000000,58.0000000000000000,8.7500000000000000
1065.0000000000000000,59.1250000000000000,15.0000000000000000
1066.0000000000000000,55.7500000000000000,0.0000000000000000
1067.0000000000000000,58.0000000000000000,7.5000000000000000
1068.0000000000000000,56.8750000000000000,2.5000000000000000
1069.0000000000000000,59.1250000000000000,12.5000000000000000
1070.0000000000000000,58.0000000000000000,6.2500000000000000
1071.0000000000000000,60.2500000000000000,20.0000000000000000
1072.0000000000000000,60.2500000000000000,18.7500000000000000
1073.0000000000000000,58.0000000000000000,5.0000000000000000
1074.0000000000000000,59.1250000000000000,10.0000000000000000
1075.0000000000000000,60.2500000000000000,17.5000000000000000
1076.0000000000000000,60.2500000000000000,16.2500000000000000
1077.0000000000000000,56.8750000000000000,0.0000000000000000
1078.0000000000000000,58.0000000000000000,3.7500000000000000
1079.0000000000000000,60.2500000000000000,15.0000000000000000
1080.0000000000000000,60.2500000000000000,13.7500000000000000
1081.0000000000000000,59.1250000000000000,7.5000000000000000
1082.0000000000000000,58.0000000000000000,2.5000000000000000
1083.0000000000000000,60.2500000000000000,12.5000000000000000
1084.0000000000000000,60.2500000000000000,11.2500000000000000
1085.0000000000000000,61.3750000000000000,20.0000000000000000
1086.0000000000000000,58.0000000000000000,1.2500000000000000
1087.0000000000000000,59.1250000000000000,5.0000000000000000
1088.0000000000000000,60.2500000000000000,10.0000000000000000
1089.0000000000000000,61.3750000000000000,17.5000000000000000
1090.0000000000000000,60.2500000000000000,8.7500000000000000
1091.0000000000000000,58.0000000000000000,0.0000000000000000
1092.0000000000000000,61.3750000000000000,15.0000000000000000
1093.0000000000000000,60.2500000000000000,7.5000000000000000
1094.0000000000000000,59.1250000000000000,2.5000000000000000
1095.0000000000000000,61.3750000000000000,12.5000000000000000
1096.0000000000000000,60.2500000000000000,6.2500000000000000
1097.0000000000000000,62.5000000000000000,20.0000000000000000
1098.0000000000000000,60.2500000000000000,5.0000000000000000
1099.0000000000000000,62.5000000000000000,18.7500000000000000
1100.0000000000000000,61.3750000000000000,10.0000000000000000
1101.0000000000000000,62.5000000000000000,17.5000000000000000
1102.0000000000000000,62.5000000000000000,16.2500000000000000
1103.0000000000000000,59.1250000000000000,0.0000000000000000
1104.0000000000000000,60.2500000000000000,3.7500000000000000
1105.0000000000000000,62.5000000000000000,15.0000000000000000
1106.0000000000000000,61.3750000000000000,7.5000000000000000
1107.0000000000000000,62.5000000000000000,13.7500000000000000
1108.0000000000000000,60.2500000000000000,2.5000000000000000
1109.0000000000000000,62.5000000000000000,12.5000000000000000
1110.0000000000000000,62.5000000000000000,11.2500000000000000
1111.0000000000000000,60.2500000000000000,1.2500000000000000
1112.0000000000000000,63.5937500000000000,20.0000000000000000
1113.0000000000000000,61.3750000000000000,5.0000000000000000
1114.0000000000000000,62.5000000000000000,10.0000000000000000
1115.0000000000000000,63.5937500000000000,17.5000000000000000
1116.0000000000000000,60.2500000000000000,0.0000000000000000
1117.0000000000000000,62.5000000000000000,8.7500000000000000
1118.0000000000000000,63.5937500000000000,15.0000000000000000
1119.0000000000000000,62.5000000000000000,7.5000000000000000
1120.0000000000000000,61.3750000000000000,2.5000000000000000
1121.0000000000000000,63.5937500000000000,12.5000000000000000
1122.0000000000000000,62.5000000000000000,6.2500000000000000
1123.0000000000000000,64.6875000000000000,20.0000000000000000
1124.0000000000000000,62.5000000000000000,5.0000000000000000
1125.0000000000000000,64.6875000000000000,18.7500000000000000
1126.0000000000000000,63.5937500000000000,10.0000000000000000
1127.0000000000000000,64.6875000000000000,17.5000000000000000
1128.0000000000000000,61.3750000000000000,0.0000000000000000
1129.0000000000000000,64.6875000000000000,16.2500000000000000
1130.0000000000000000,62.5000000000000000,3.7500000000000000
1131.0000000000000000,64.6875000000000000,15.0000000000000000
1132.0000000000000000,63.5937500000000000,7.5000000000000000
1133.0000000000000000,64.6875000000000000,13.7500000000000000
1134.0000000000000000,62.5000000000000000,2.5000000000000000
1135.0000000000000000,64.6875000000000000,12.5000000000000000
1136.0000000000000000,64.6875000000000000,11.2500000000000000
1137.0000000000000000,62.5000000000000000,1.2500000000000000
1138.0000000000000000,65.7812500000000000,20.0000000000000000
1139.0000000000000000,63.5937500000000000,5.0000000000000000
1140.0000000000000000,64.6875000000000000,10.0000000000000000
1141.0000000000000000,65.7812500000000000,17.5000000000000000
1142.0000000000000000,62.5000000000000000,0.0000000000000000
1143.0000000000000000,64.6875000000000000,8.7500000000000000
1144.0000000000000000,65.7812500000000000,15.0000000000000000
1145.0000000000000000,64.6875000000000000,7.5000000000000000
1146.0000000000000000,63.5937500000000000,2.5000000000000000
1147.0000000000000000,65.7812500000000000,12.5000000000000000
1148.0000000000000000,64.6875000000000000,6.2500000000000000
1149.0000000000000000,64.6875000000000000,5.0000000000000000
1150.0000000000000000,66.8750000000000000,20.0000000000000000
1151.0000000000000000,65.7812500000000000,10.0000000000000000
1152.0000000000000000,66.8750000000000000,18.7500000000000000
1153.0000000000000000,66.8750000000000000,17.5000000000000000
1154.0000000000000000,63.5937500000000000,0.0000000000000000
1155.0000000000000000,64.6875000000000000,3.7500000000000000
1156.0000000000000000,66.8750000000000000,16.2500000000000000
1157.0000000000000000,66.8750000000000000,15.0000000000000000
1158.0000000000000000,65.7812500000000000,7.5000000000000000
1159.0000000000000000,66.8750000000000000,13.7500000000000000
1160.0000000000000000,64.6875000000000000,2.5000000000000000
1161.0000000000000000,66.8750000000000000,12.5000000000000000
1162.0000000000000000,64.6875000000000000,1.2500000000000000
1163.0000000000000000,66.8750000000000000,11.2500000000000000
1164.0000000000000000,65.7812500000000000,5.0000000000000000
1165.0000000000000000,67.9687500000000000,20.0000000000000000
1166.0000000000000000,66.8750000000000000,10.0000000000000000
1167.0000000000000000,67.9687500000000000,17.5000000000000000
1168.0000000000000000,64.6875000000000000,0.0000000000000000
1169.0000000000000000,66.8750000000000000,8.7500000000000000
1170.0000000000000000,67.9687500000000000,15.0000000000000000
1171.0000000000000000,66.8750000000000000,7.5000000000000000
1172.0000000000000000,65.7812500000000000,2.5000000000000000
1173.0000000000000000,67.9687500000000000,12.5000000000000000
1174.0000000000000000,66.8750000000000000,6.2500000000000000
1175.0000000000000000,66.8750000000000000,5.0000000000000000
1176.0000000000000000,69.0625000000000000,20.0000000000000000
1177.0000000000000000,67.9687500000000000,10.0000000000000000
1178.0000000000000000,69.0625000000000000,18.7500000000000000
1179.0000000000000000,65.7812500000000000,0.0000000000000000
1180.0000000000000000,69.0625000000000000,17.5000000000000000
1181.0000000000000000,66.8750000000000000,3.7500000000000000
1182.0000000000000000,69.0625000000000000,16.2500000000000000
1183.0000000000000000,69.0625000000000000,15.0000000000000000
1184.0000000000000000,67.9687500000000000,7.5000000000000000
1185.0000000000000000,66.8750000000000000,2.5000000000000000
1186.0000000000000000,69.0625000000000000,13.7500000000000000
1187.0000000000000000,69.0625000000000000,12.5000000000000000
1188.0000000000000000,66.8750000000000000,1.2500000000000000
1189.0000000000000000,69.0625000000000000,11.2500000000000000
1190.0000000000000000,67.9687500000000000,5.0000000000000000
1191.0000000000000000,70.1562500000000000,20.0000000000000000
1192.0000000000000000,69.0625000000000000,10.0000000000000000
1193.0000000000000000,66.8750000000000000,0.0000000000000000
1194.0000000000000000,70.1562500000000000,17.5000000000000000
1195.0000000000000000,69.0625000000000000,8.7500000000000000
1196.0000000000000000,70.1562500000000000,15.0000000000000000
1197.0000000000000000,69.0625000000000000,7.5000000000000000
1198.0000000000000000,67.9687500000000000,2.5000000000000000
1199.0000000000000000,69.0625000000000000,6.2500000000000000
1200.0000000000000000,70.1562500000000000,12.5000000000000000
1201.0000000000000000,69.0625000000000000,5.0000000000000000
1202.0000000000000000,71.2500000000000000,20.0000000000000000
1203.0000000000000000,70.1562500000000000,10.0000000000000000
1204.0000000000000000,67.9687500000000000,0.0000000000000000
1205.0000000000000000,71.2500000000000000,18.7500000000000000
1206.0000000000000000,71.2500000000000000,17.5000000000000000
1207.0000000000000000,69.0625000000000000,3.7500000000000000
1208.0000000000000000,71.2500000000000000,16.2500000000000000
1209.0000000000000000,71.2500000000000000,15.0000000000000000
1210.0000000000000000,70.1562500000000000,7.5000000000000000
1211.0000000000000000,69.0625000000000000,2.5000000000000000
1212.0000000000000000,71.2500000000000000,13.7500000000000000
1213.0000000000000000,71.2500000000000000,12.5000000000000000
1214.0000000000000000,69.0625000000000000,1.2500000000000000
1215.0000000000000000,71.2500000000000000,11.2500000000000000
1216.0000000000000000,70.1562500000000000,5.0000000000000000
1217.0000000000000000,71.2500000000000000,10.0000000000000000
1218.0000000000000000,72.3437500000000000,20.0000000000000000
1219.0000000000000000,69.0625000000000000,0.0000000000000000
1220.0000000000000000,72.3437500000000000,17.5000000000000000
1221.0000000000000000,71.2500000000000000,8.7500000000000000
1222.0000000000000000,72.3437500000000000,15.0000000000000000
1223.0000000000000000,71.2500000000000000,7.5000000000000000
1224.0000000000000000,70.1562500000000000,2.5000000000000000
1225.0000000000000000,71.2500000000000000,6.2500000000000000
1226.0000000000000000,72.3437500000000000,12.5000000000000000
1227.0000000000000000,71.2500000000000000,5.0000000000000000
1228.0000000000000000,72.3437500000000000,10.0000000000000000
1229.0000000000000000,70.1562500000000000,0.0000000000000000
1230.0000000000000000,73.4375000000000000,20.0000000000000000
1231.0000000000000000,73.4375000000000000,18.7500000000000000
1232.0000000000000000,71.2500000000000000,3.7500000000000000
1233.0000000000000000,73.4375000000000000,17.5000000000000000
1234.0000000000000000,73.4375000000000000,16.2500000000000000
1235.0000000000000000,73.4375000000000000,15.0000000000000000
1236.0000000000000000,71.2500000000000000,2.5000000000000000
1237.0000000000000000,72.3437500000000000,7.5000000000000000
1238.0000000000000000,73.4375000000000000,13.7500000000000000
1239.0000000000000000,73.4375000000000000,12.5000000000000000
1240.0000000000000000,71.2500000000000000,1.2500000000000000
1241.0000000000000000,73.4375000000000000,11.2500000000000000
1242.0000000000000000,72.3437500000000000,5.0000000000000000
1243.0000000000000000,71.2500000000000000,0.0000000000000000
1244.0000000000000000,73.4375000000000000,10.0000000000000000
1245.0000000000000000,74.5312500000000000,20.0000000000000000
1246.0000000000000000,74.5312500000000000,17.5000000000000000
1247.0000000000000000,73.4375000000000000,8.7500000000000000
1248.0000000000000000,72.3437500000000000,2.5000000000000000
1249.0000000000000000,74.5312500000000000,15.0000000000000000
1250.0000000000000000,73.4375000000000000,7.5000000000000000
1251.0000000000000000,73.4375000000000000,6.2500000000000000
1252.0000000000000000,74.5312500000000000,12.5000000000000000
1253.0000000000000000,73.4375000000000000,5.0000000000000000
1254.0000000000000000,72.3437500000000000,0.0000000000000000
1255.0000000000000000,74.5312500000000000,10.0000000000000000
1256.0000000000000000,75.6250000000000000,20.0000000000000000
1257.0000000000000000,73.4375000000000000,3.7500000000000000
1258.0000000000000000,75.6250000000000000,18.7500000000000000
1259.0000000000000000,75.6250000000000000,17.5000000000000000
1260.0000000000000000,75.6250000000000000,16.2500000000000000
1261.0000000000000000,73.4375000000000000,2.5000000000000000
1262.0000000000000000,74.5312500000000000,7.5000000000000000
1263.0000000000000000,75.6250000000000000,15.0000000000000000
1264.0000000000000000,75.6250000000000000,13.7500000000000000
1265.0000000000000000,73.4375000000000000,1.2500000000000000
1266.0000000000000000,75.6250000000000000,12.5000000000000000
1267.0000000000000000,75.6250000000000000,11.2500000000000000
1268.0000000000000000,74.5312500000000000,5.0000000000000000
1269.0000000000000000,73.4375000000000000,0.0000000000000000
1270.0000000000000000,75.6250000000000000,10.0000000000000000
1271.0000000000000000,76.7187500000000000,20.0000000000000000
1272.0000000000000000,75.6250000000000000,8.7500000000000000
1273.0000000000000000,76.7187500000000000,17.5000000000000000
1274.0000000000000000,74.5312500000000000,2.5000000000000000
1275.0000000000000000,75.6250000000000000,7.5000000000000000
1276.0000000000000000,76.7187500000000000,15.0000000000000000
1277.0000000000000000,75.6250000000000000,6.2500000000000000
1278.0000000000000000,76.7187500000000000,12.5000000000000000
1279.0000000000000000,75.6250000000000000,5.0000000000000000
1280.0000000000000000,74.5312500000000000,0.0000000000000000
1281.0000000000000000,76.7187500000000000,10.0000000000000000
1282.0000000000000000,77.8125000000000000,20.0000000000000000
1283.0000000000000000,75.6250000000000000,3.7500000000000000
1284.0000000000000000,77.8125000000000000,18.7500000000000000
1285.0000000000000000,77.8125000000000000,17.5000000000000000
1286.0000000000000000,77.8125000000000000,16.2500000000000000
1287.0000000000000000,75.6250000000000000,2.5000000000000000
1288.0000000000000000,76.7187500000000000,7.5000000000000000
1289.0000000000000000,77.8125000000000000,15.0000000000000000
1290.0000000000000000,77.8125000000000000,13.7500000000000000
1291.0000000000000000,75.6250000000000000,1.2500000000000000
1292.0000000000000000,77.8125000000000000,12.5000000000000000
1293.0000000000000000,76.7187500000000000,5.0000000000000000
1294.0000000000000000,77.8125000000000000,11.2500000000000000
1295.0000000000000000,75.6250000000000000,0.0000000000000000
1296.0000000000000000,77.8125000000000000,10.0000000000000000
1297.0000000000000000,78.9062500000000000,20.0000000000000000
1298.0000000000000000,77.8125000000000000,8.7500000000000000
1299.0000000000000000,78.9062500000000000,17.5000000000000000
1300.0000000000000000,76.7187500000000000,2.5000000000000000
1301.0000000000000000,77.8125000000000000,7.5000000000000000
1302.0000000000000000,78.9062500000000000,15.0000000000000000
1303.0000000000000000,77.8125000000000000,6.2500000000000000
1304.0000000000000000,78.9062500000000000,12.5000000000000000
1305.0000000000000000,77.8125000000000000,5.0000000000000000
1306.0000000000000000,76.7187500000000000,0.0000000000000000
1307.0000000000000000,78.9062500000000000,10.0000000000000000
1308.0000000000000000,77.8125000000000000,3.7500000000000000
1309.0000000000000000,80.0000000000000000,20.0000000000000000
1310.0000000000000000,80.0000000000000000,18.7500000000000000
1311.0000000000000000,80.0000000000000000,17.5000000000000000
1312.0000000000000000,77.8125000000000000,2.5000000000000000
1313.0000000000000000,80.0000000000000000,16.2500000000000000
1314.0000000000000000,78.9062500000000000,7.5000000000000000
1315.0000000000000000,80.0000000000000000,15.0000000000000000
1316.0000000000000000,80.0000000000000000,13.7500000000000000
1317.0000000000000000,77.8125000000000000,1.2500000000000000
1318.0000000000000000,80.0000000000000000,12.5000000000000000
1319.0000000000000000,78.9062500000000000,5.0000000000000000
1320.0000000000000000,80.0000000000000000,11.2500000000000000
1321.0000000000000000,77.8125000000000000,0.0000000000000000
1322.0000000000000000,80.0000000000000000,10.0000000000000000
1323.0000000000000000,80.0000000000000000,8.7500000000000000
1324.0000000000000000,78.9062500000000000,2.5000000000000000
1325.0000000000000000,80.0000000000000000,7.5000000000000000
1326.0000000000000000,80.0000000000000000,6.2500000000000000
1327.0000000000000000,80.0000000000000000,5.0000000000000000
1328.0000000000000000,78.9062500000000000,0.0000000000000000
1329.0000000000000000,80.0000000000000000,3.7500000000000000
1330.0000000000000000,80.0000000000000000,2.5000000000000000
1331.0000000000000000,80.0000000000000000,1.2500000000000000
1332.0000000000000000,80.0000000000000000,0.0000000000000000
